{
  "100m": {
    "km": 0.1,
    "mile": 0.0621371
  },
  "200m": {
    "km": 0.2,
    "mile": 0.124274
  },
  "400m": {
    "km": 0.4,
    "mile": 0.248548
  },
  "800m": {
    "km": 0.8,
    "mile": 0.497097
  },
  "1000m": {
    "km": 1,
    "mile": 0.621371
  },
  "1500m": {
    "km": 1.5,
    "mile": 0.9320568
  },
  "mile": {
    "km": 1.60934,
    "mile": 1
  },
  "3000m": {
    "km": 3,
    "mile": 1.864114
  },
  "5km": {
    "km": 5,
    "mile": 3.106856
  },
  "10km": {
    "km": 10,
    "mile": 6.213712
  },
  "half_marathon": {
    "km": 21.0975,
    "mile": 13.1094
  },
  "marathon": {
    "km": 42.195,
    "mile": 26.2188
  }
}
